id,type,applicableUnit,inScheme,prefLabel,topConceptOf,subject,relevantQuantityKind,seeAlso,relevantLZS,definition,note,scopeNote,relevantProperty,maxValue,operatie,minValue,technischefiche,referentiewaardeType,broader,broaderTransitive,narrower,narrowerTransitive,semanticRelation,notation,hasTopConcept,altLabel
http://qudt.org/vocab/quantitykind/Acidity,http://qudt.org/schema/qudt/QuantityKind,http://qudt.org/vocab/unit/PH,null,null,null,null,null,null,null,null,null,null,null,null,null,null,null,null,null,null,null,null,null,null,null,null
http://qudt.org/vocab/quantitykind/Basicity,http://qudt.org/schema/qudt/QuantityKind,http://qudt.org/vocab/unit/PH,null,null,null,null,null,null,null,null,null,null,null,null,null,null,null,null,null,null,null,null,null,null,null,null
http://qudt.org/vocab/quantitykind/Conductivity,http://qudt.org/schema/qudt/QuantityKind,http://qudt.org/vocab/unit/MilliS-PER-CentiM,null,null,null,null,null,null,null,null,null,null,null,null,null,null,null,null,null,null,null,null,null,null,null,null
http://qudt.org/vocab/quantitykind/Count,http://qudt.org/schema/qudt/QuantityKind,http://qudt.org/vocab/unit/NUM,null,null,null,null,null,null,null,null,null,null,null,null,null,null,null,null,null,null,null,null,null,null,null,null
http://qudt.org/vocab/quantitykind/Fugacity,http://qudt.org/schema/qudt/QuantityKind,http://qudt.org/vocab/unit/PA,null,null,null,null,null,null,null,null,null,null,null,null,null,null,null,null,null,null,null,null,null,null,null,null
http://qudt.org/vocab/quantitykind/VaporPressure,http://qudt.org/schema/qudt/QuantityKind,http://qudt.org/vocab/unit/PA,null,null,null,null,null,null,null,null,null,null,null,null,null,null,null,null,null,null,null,null,null,null,null,null
http://qudt.org/vocab/quantitykind/Volume,http://qudt.org/schema/qudt/QuantityKind,http://qudt.org/vocab/unit/M3,null,null,null,null,null,null,null,null,null,null,null,null,null,null,null,null,null,null,null,null,null,null,null,null
http://qudt.org/vocab/quantitykind/VolumeFlowRate,http://qudt.org/schema/qudt/QuantityKind,http://qudt.org/vocab/unit/M3-PER-HR,null,null,null,null,null,null,null,null,null,null,null,null,null,null,null,null,null,null,null,null,null,null,null,null
http://qudt.org/vocab/quantitykind/VolumePerTime,http://qudt.org/schema/qudt/QuantityKind,http://qudt.org/vocab/unit/M3-PER-HR,null,null,null,null,null,null,null,null,null,null,null,null,null,null,null,null,null,null,null,null,null,null,null,null
https://data.omgeving.vlaanderen.be/id/concept/bedrijfklasse/1,http://www.w3.org/2004/02/skos/core#Concept,null,https://data.omgeving.vlaanderen.be/id/conceptscheme/lzs/bedrijfsklasse,Klasse 1,https://data.omgeving.vlaanderen.be/id/conceptscheme/lzs/bedrijfsklasse,null,null,null,null,null,null,null,null,null,null,null,null,null,null,null,null,null,null,null,null,null
https://data.omgeving.vlaanderen.be/id/concept/bedrijfklasse/2,http://www.w3.org/2004/02/skos/core#Concept,null,https://data.omgeving.vlaanderen.be/id/conceptscheme/lzs/bedrijfsklasse,Klasse 2,https://data.omgeving.vlaanderen.be/id/conceptscheme/lzs/bedrijfsklasse,null,null,null,null,null,null,null,null,null,null,null,null,null,null,null,null,null,null,null,null,null
https://data.omgeving.vlaanderen.be/id/concept/bedrijfklasse/3,http://www.w3.org/2004/02/skos/core#Concept,null,https://data.omgeving.vlaanderen.be/id/conceptscheme/lzs/bedrijfsklasse,Klasse 3,https://data.omgeving.vlaanderen.be/id/conceptscheme/lzs/bedrijfsklasse,null,null,null,null,null,null,null,null,null,null,null,null,null,null,null,null,null,null,null,null,null
https://data.omgeving.vlaanderen.be/id/concept/luchtzuiveringssysteem/eigenschap/biobedspoelwaterproductie,http://www.w3.org/2004/02/skos/core#Concept|http://www.w3.org/ns/ssn/Property,null,https://data.omgeving.vlaanderen.be/id/conceptscheme/lzs/lzsp,Biobedspoelwaterproductie,https://data.omgeving.vlaanderen.be/id/conceptscheme/lzs/lzsp,https://data.omgeving.vlaanderen.be/id/concept/luchtzuiveringssysteem/medium/waswater,http://qudt.org/vocab/quantitykind/Volume,https://data.omgeving.vlaanderen.be/id/concept/fysico-chemisch/0053,https://data.omgeving.vlaanderen.be/id/concept/luchtzuiveringssysteem/type/s3,null,null,null,null,null,null,null,null,null,null,null,null,null,null,null,null,null
https://data.omgeving.vlaanderen.be/id/concept/luchtzuiveringssysteem/eigenschap/biobedspuiwaterproductie,http://www.w3.org/2004/02/skos/core#Concept|http://www.w3.org/ns/ssn/Property,null,https://data.omgeving.vlaanderen.be/id/conceptscheme/lzs/lzsp,Biobedspuiwaterproductie,https://data.omgeving.vlaanderen.be/id/conceptscheme/lzs/lzsp,https://data.omgeving.vlaanderen.be/id/concept/luchtzuiveringssysteem/medium/spuiwater,http://qudt.org/vocab/quantitykind/Volume,https://data.omgeving.vlaanderen.be/id/concept/fysico-chemisch/0050,https://data.omgeving.vlaanderen.be/id/concept/luchtzuiveringssysteem/type/s3,null,null,null,null,null,null,null,null,null,null,null,null,null,null,null,null,null
https://data.omgeving.vlaanderen.be/id/concept/luchtzuiveringssysteem/eigenschap/drukvaloverhetsysteem,http://www.w3.org/2004/02/skos/core#Concept|http://www.w3.org/ns/ssn/Property,null,https://data.omgeving.vlaanderen.be/id/conceptscheme/lzs/lzsp,Drukval over het systeem,https://data.omgeving.vlaanderen.be/id/conceptscheme/lzs/lzsp,https://data.omgeving.vlaanderen.be/id/concept/luchtzuiveringssysteem/medium/lucht,http://qudt.org/vocab/quantitykind/Fugacity|http://qudt.org/vocab/quantitykind/VaporPressure,https://data.omgeving.vlaanderen.be/id/concept/fysico-chemisch/0329,https://data.omgeving.vlaanderen.be/id/concept/luchtzuiveringssysteem/type/s3|https://data.omgeving.vlaanderen.be/id/concept/luchtzuiveringssysteem/type/s1|https://data.omgeving.vlaanderen.be/id/concept/luchtzuiveringssysteem/type/s2,null,null,null,null,null,null,null,null,null,null,null,null,null,null,null,null,null
https://data.omgeving.vlaanderen.be/id/concept/luchtzuiveringssysteem/eigenschap/geleidbaarheidvanhetwaswater,http://www.w3.org/2004/02/skos/core#Concept|http://www.w3.org/ns/ssn/Property,null,https://data.omgeving.vlaanderen.be/id/conceptscheme/lzs/lzsp,Geleidbaarheid van het waswater,https://data.omgeving.vlaanderen.be/id/conceptscheme/lzs/lzsp,https://data.omgeving.vlaanderen.be/id/concept/luchtzuiveringssysteem/medium/waswater,http://qudt.org/vocab/quantitykind/Conductivity,https://data.omgeving.vlaanderen.be/id/concept/fysico-chemisch/0010,https://data.omgeving.vlaanderen.be/id/concept/luchtzuiveringssysteem/type/s1|https://data.omgeving.vlaanderen.be/id/concept/luchtzuiveringssysteem/type/s2,null,null,null,null,null,null,null,null,null,null,null,null,null,null,null,null,null
https://data.omgeving.vlaanderen.be/id/concept/luchtzuiveringssysteem/eigenschap/spuiwaterproductie,http://www.w3.org/2004/02/skos/core#Concept|http://www.w3.org/ns/ssn/Property,null,https://data.omgeving.vlaanderen.be/id/conceptscheme/lzs/lzsp,Spuiwaterproductie,https://data.omgeving.vlaanderen.be/id/conceptscheme/lzs/lzsp,https://data.omgeving.vlaanderen.be/id/concept/luchtzuiveringssysteem/medium/spuiwater,http://qudt.org/vocab/quantitykind/Volume,https://data.omgeving.vlaanderen.be/id/concept/fysico-chemisch/0050,https://data.omgeving.vlaanderen.be/id/concept/luchtzuiveringssysteem/type/s1|https://data.omgeving.vlaanderen.be/id/concept/luchtzuiveringssysteem/type/s2,null,null,null,null,null,null,null,null,null,null,null,null,null,null,null,null,null
https://data.omgeving.vlaanderen.be/id/concept/luchtzuiveringssysteem/eigenschap/stalbezetting,http://www.w3.org/2004/02/skos/core#Concept|http://www.w3.org/ns/ssn/Property,null,https://data.omgeving.vlaanderen.be/id/conceptscheme/lzs/lzsp,Stalbezetting,https://data.omgeving.vlaanderen.be/id/conceptscheme/lzs/lzsp,https://data.omgeving.vlaanderen.be/id/concept/luchtzuiveringssysteem/medium/stal,null,null,https://data.omgeving.vlaanderen.be/id/concept/luchtzuiveringssysteem/type/s3|https://data.omgeving.vlaanderen.be/id/concept/luchtzuiveringssysteem/type/s1|https://data.omgeving.vlaanderen.be/id/concept/luchtzuiveringssysteem/type/s2,null,null,null,null,null,null,null,null,null,null,null,null,null,null,null,null,null
https://data.omgeving.vlaanderen.be/id/concept/luchtzuiveringssysteem/eigenschap/systeemstatus,http://www.w3.org/2004/02/skos/core#Concept|http://www.w3.org/ns/ssn/Property,null,https://data.omgeving.vlaanderen.be/id/conceptscheme/lzs/lzsp,SysteemStatus,https://data.omgeving.vlaanderen.be/id/conceptscheme/lzs/lzsp,https://data.omgeving.vlaanderen.be/id/concept/luchtzuiveringssysteem/medium/hetelektronischmonitoringssysteem,null,null,https://data.omgeving.vlaanderen.be/id/concept/luchtzuiveringssysteem/type/s3|https://data.omgeving.vlaanderen.be/id/concept/luchtzuiveringssysteem/type/s1|https://data.omgeving.vlaanderen.be/id/concept/luchtzuiveringssysteem/type/s2,null,null,null,null,null,null,null,null,null,null,null,null,null,null,null,null,null
https://data.omgeving.vlaanderen.be/id/concept/luchtzuiveringssysteem/eigenschap/waswaterdebiet,http://www.w3.org/2004/02/skos/core#Concept|http://www.w3.org/ns/ssn/Property,null,https://data.omgeving.vlaanderen.be/id/conceptscheme/lzs/lzsp,Waswaterdebiet over het waspakket,https://data.omgeving.vlaanderen.be/id/conceptscheme/lzs/lzsp,https://data.omgeving.vlaanderen.be/id/concept/luchtzuiveringssysteem/medium/waswater,http://qudt.org/vocab/quantitykind/VolumeFlowRate|http://qudt.org/vocab/quantitykind/VolumePerTime,https://data.omgeving.vlaanderen.be/id/concept/fysico-chemisch/0053,https://data.omgeving.vlaanderen.be/id/concept/luchtzuiveringssysteem/type/s1|https://data.omgeving.vlaanderen.be/id/concept/luchtzuiveringssysteem/type/s2,null,null,null,null,null,null,null,null,null,null,null,null,null,null,null,null,null
https://data.omgeving.vlaanderen.be/id/concept/luchtzuiveringssysteem/eigenschap/waswaterdebietbevloeiing,http://www.w3.org/2004/02/skos/core#Concept|http://www.w3.org/ns/ssn/Property,null,https://data.omgeving.vlaanderen.be/id/conceptscheme/lzs/lzsp,Waswaterdebiet van de bevloeiing van het vulmateriaal,https://data.omgeving.vlaanderen.be/id/conceptscheme/lzs/lzsp,https://data.omgeving.vlaanderen.be/id/concept/luchtzuiveringssysteem/medium/waswater,http://qudt.org/vocab/quantitykind/VolumeFlowRate|http://qudt.org/vocab/quantitykind/VolumePerTime,https://data.omgeving.vlaanderen.be/id/concept/fysico-chemisch/0053,https://data.omgeving.vlaanderen.be/id/concept/luchtzuiveringssysteem/type/s3,null,null,null,null,null,null,null,null,null,null,null,null,null,null,null,null,null
https://data.omgeving.vlaanderen.be/id/concept/luchtzuiveringssysteem/eigenschap/waswaterdebietvoorbevochtiging,http://www.w3.org/2004/02/skos/core#Concept|http://www.w3.org/ns/ssn/Property,null,https://data.omgeving.vlaanderen.be/id/conceptscheme/lzs/lzsp,Waswaterdebiet van de voorbevochtiging van de ingaande stallucht,https://data.omgeving.vlaanderen.be/id/conceptscheme/lzs/lzsp,https://data.omgeving.vlaanderen.be/id/concept/luchtzuiveringssysteem/medium/waswater,http://qudt.org/vocab/quantitykind/VolumeFlowRate|http://qudt.org/vocab/quantitykind/VolumePerTime,https://data.omgeving.vlaanderen.be/id/concept/fysico-chemisch/0053,https://data.omgeving.vlaanderen.be/id/concept/luchtzuiveringssysteem/type/s3,null,null,null,null,null,null,null,null,null,null,null,null,null,null,null,null,null
https://data.omgeving.vlaanderen.be/id/concept/luchtzuiveringssysteem/eigenschap/zuurtegraadwaswater,http://www.w3.org/2004/02/skos/core#Concept|http://www.w3.org/ns/ssn/Property,null,https://data.omgeving.vlaanderen.be/id/conceptscheme/lzs/lzsp,Zuurtegraad van het waswater,https://data.omgeving.vlaanderen.be/id/conceptscheme/lzs/lzsp,https://data.omgeving.vlaanderen.be/id/concept/luchtzuiveringssysteem/medium/waswater,http://qudt.org/vocab/quantitykind/Acidity|http://qudt.org/vocab/quantitykind/Basicity,https://data.omgeving.vlaanderen.be/id/concept/fysico-chemisch/0076,https://data.omgeving.vlaanderen.be/id/concept/luchtzuiveringssysteem/type/s1|https://data.omgeving.vlaanderen.be/id/concept/luchtzuiveringssysteem/type/s2,null,null,null,null,null,null,null,null,null,null,null,null,null,null,null,null,null
https://data.omgeving.vlaanderen.be/id/concept/luchtzuiveringssysteem/medium/hetelektronischmonitoringssysteem,http://www.w3.org/2004/02/skos/core#Concept|http://www.w3.org/2000/01/rdf-schema#Resource,null,https://data.omgeving.vlaanderen.be/id/conceptscheme/lzs/lzsm,Het elektronisch monitoringssysteem,https://data.omgeving.vlaanderen.be/id/conceptscheme/lzs/lzsm,null,null,null,null,null,null,null,null,null,null,null,null,null,null,null,null,null,null,null,null,null
https://data.omgeving.vlaanderen.be/id/concept/luchtzuiveringssysteem/medium/lucht,http://www.w3.org/2004/02/skos/core#Concept|http://www.w3.org/2000/01/rdf-schema#Resource,null,https://data.omgeving.vlaanderen.be/id/conceptscheme/lzs/lzsm,Lucht,https://data.omgeving.vlaanderen.be/id/conceptscheme/lzs/lzsm,null,null,null,null,null,null,null,null,null,null,null,null,null,null,null,null,null,null,null,null,null
https://data.omgeving.vlaanderen.be/id/concept/luchtzuiveringssysteem/medium/spuiwater,http://www.w3.org/2004/02/skos/core#Concept|http://www.w3.org/2000/01/rdf-schema#Resource,null,https://data.omgeving.vlaanderen.be/id/conceptscheme/lzs/lzsm,Spuiwater,https://data.omgeving.vlaanderen.be/id/conceptscheme/lzs/lzsm,null,null,null,null,null,null,null,null,null,null,null,null,null,null,null,null,null,null,null,null,null
https://data.omgeving.vlaanderen.be/id/concept/luchtzuiveringssysteem/medium/stal,http://www.w3.org/2004/02/skos/core#Concept|http://www.w3.org/2000/01/rdf-schema#Resource,null,https://data.omgeving.vlaanderen.be/id/conceptscheme/lzs/lzsm,Stal,https://data.omgeving.vlaanderen.be/id/conceptscheme/lzs/lzsm,null,null,null,null,null,null,null,null,null,null,null,null,null,null,null,null,null,null,null,null,null
https://data.omgeving.vlaanderen.be/id/concept/luchtzuiveringssysteem/medium/waswater,http://www.w3.org/2004/02/skos/core#Concept|http://www.w3.org/2000/01/rdf-schema#Resource,null,https://data.omgeving.vlaanderen.be/id/conceptscheme/lzs/lzsm,Waswater,https://data.omgeving.vlaanderen.be/id/conceptscheme/lzs/lzsm,null,null,null,null,null,null,null,null,null,null,null,null,null,null,null,null,null,null,null,null,null
https://data.omgeving.vlaanderen.be/id/concept/luchtzuiveringssysteem/norm_bandbreedte/1,http://www.w3.org/2004/02/skos/core#Concept,null,https://data.omgeving.vlaanderen.be/id/conceptscheme/lzs/norm_bandbreedte,Zuurtegraad waswater < 6 (S1 systeem),https://data.omgeving.vlaanderen.be/id/conceptscheme/lzs/norm_bandbreedte,null,null,null,https://data.omgeving.vlaanderen.be/id/concept/luchtzuiveringssysteem/type/s1,De zuurtegraad van het waswater is kleiner dan 6,De zuurtegraad van het waswater is kleiner dan 6|< 6,< 6,https://data.omgeving.vlaanderen.be/id/concept/luchtzuiveringssysteem/eigenschap/zuurtegraadwaswater,6,null,null,null,null,null,null,null,null,null,null,null,null
https://data.omgeving.vlaanderen.be/id/concept/luchtzuiveringssysteem/norm_bandbreedte/10,http://www.w3.org/2004/02/skos/core#Concept,null,https://data.omgeving.vlaanderen.be/id/conceptscheme/lzs/norm_bandbreedte,Waswaterdebiet afwijking naar beneden > 20% (S2 systeem),https://data.omgeving.vlaanderen.be/id/conceptscheme/lzs/norm_bandbreedte,null,null,null,https://data.omgeving.vlaanderen.be/id/concept/luchtzuiveringssysteem/type/s2,Het waswaterdebiet wijkt meer dan 20% naar beneden af van de operationele waarde die op de technische fiche vermeld staat.,"Het waswaterdebiet wijkt meer dan 20% naar beneden af van de operationele waarde die op de technische fiche vermeld staat.|< 0,8 x waarde technische fiche (afwijking > 20%)","< 0,8 x waarde technische fiche (afwijking > 20%)",https://data.omgeving.vlaanderen.be/id/concept/luchtzuiveringssysteem/eigenschap/waswaterdebiet,0.8,product,null,null,null,null,null,null,null,null,null,null,null
https://data.omgeving.vlaanderen.be/id/concept/luchtzuiveringssysteem/norm_bandbreedte/11,http://www.w3.org/2004/02/skos/core#Concept,null,https://data.omgeving.vlaanderen.be/id/conceptscheme/lzs/norm_bandbreedte,Spuiwaterdebiet afwijking naar beneden > 10% (S2 systeem),https://data.omgeving.vlaanderen.be/id/conceptscheme/lzs/norm_bandbreedte,null,null,null,https://data.omgeving.vlaanderen.be/id/concept/luchtzuiveringssysteem/type/s2,Het spuiwaterdebiet wijkt meer dan 10% naar beneden af van de operationele waarde die op de technische fiche vermeld staat.,"Het spuiwaterdebiet wijkt meer dan 10% naar beneden af van de operationele waarde die op de technische fiche vermeld staat.|< 0,9 x waarde technische fiche (afwijking > 10%)","< 0,9 x waarde technische fiche (afwijking > 10%)",https://data.omgeving.vlaanderen.be/id/concept/luchtzuiveringssysteem/eigenschap/spuiwaterproductie,0.9,product,null,null,null,null,null,null,null,null,null,null,null
https://data.omgeving.vlaanderen.be/id/concept/luchtzuiveringssysteem/norm_bandbreedte/12,http://www.w3.org/2004/02/skos/core#Concept,null,https://data.omgeving.vlaanderen.be/id/conceptscheme/lzs/norm_bandbreedte,Drukval afwijking naar beneden > 40% (S2 systeem),https://data.omgeving.vlaanderen.be/id/conceptscheme/lzs/norm_bandbreedte,null,null,null,https://data.omgeving.vlaanderen.be/id/concept/luchtzuiveringssysteem/type/s2,De drukval wijkt meer dan 40% naar beneden af van de operationele waarde die op de technische fiche vermeld staat.,"De drukval wijkt meer dan 40% naar beneden af van de operationele waarde die op de technische fiche vermeld staat.|< 0,6 x waarde technische fiche (afwijking > 40%)","< 0,6 x waarde technische fiche (afwijking > 40%)",https://data.omgeving.vlaanderen.be/id/concept/luchtzuiveringssysteem/eigenschap/drukvaloverhetsysteem,0.6,product,null,null,null,null,null,null,null,null,null,null,null
https://data.omgeving.vlaanderen.be/id/concept/luchtzuiveringssysteem/norm_bandbreedte/13,http://www.w3.org/2004/02/skos/core#Concept,null,https://data.omgeving.vlaanderen.be/id/conceptscheme/lzs/norm_bandbreedte,Drukval afwijking naar boven > 40% (S2 systeem),https://data.omgeving.vlaanderen.be/id/conceptscheme/lzs/norm_bandbreedte,null,null,null,https://data.omgeving.vlaanderen.be/id/concept/luchtzuiveringssysteem/type/s2,De drukval wijkt meer dan 40% naar boven af van de operationele waarde die op de technische fiche vermeld staat.,"De drukval wijkt meer dan 40% naar boven af van de operationele waarde die op de technische fiche vermeld staat.|> 1,4 x waarde technische fiche (afwijking > 40%)","> 1,4 x waarde technische fiche (afwijking > 40%)",https://data.omgeving.vlaanderen.be/id/concept/luchtzuiveringssysteem/eigenschap/drukvaloverhetsysteem,null,product,1.4,null,null,null,null,null,null,null,null,null,null
https://data.omgeving.vlaanderen.be/id/concept/luchtzuiveringssysteem/norm_bandbreedte/14,http://www.w3.org/2004/02/skos/core#Concept,null,https://data.omgeving.vlaanderen.be/id/conceptscheme/lzs/norm_bandbreedte,Waswaterdebiet voorbevochtiging afwijking naar beneden > 20% (S3 systeem),https://data.omgeving.vlaanderen.be/id/conceptscheme/lzs/norm_bandbreedte,null,null,null,https://data.omgeving.vlaanderen.be/id/concept/luchtzuiveringssysteem/type/s3,Het waswaterdebiet van de voorbevochtiging wijkt meer dan 20% naar beneden af van de operationele waarde die op de technische fiche vermeld staat.,"< 0,8 x waarde technische fiche (afwijking > 20%)|Het waswaterdebiet van de voorbevochtiging wijkt meer dan 20% naar beneden af van de operationele waarde die op de technische fiche vermeld staat.","< 0,8 x waarde technische fiche (afwijking > 20%)",https://data.omgeving.vlaanderen.be/id/concept/luchtzuiveringssysteem/eigenschap/waswaterdebietvoorbevochtiging,0.8,product,null,null,null,null,null,null,null,null,null,null,null
https://data.omgeving.vlaanderen.be/id/concept/luchtzuiveringssysteem/norm_bandbreedte/15,http://www.w3.org/2004/02/skos/core#Concept,null,https://data.omgeving.vlaanderen.be/id/conceptscheme/lzs/norm_bandbreedte,Waswaterdebiet bevloeiing afwijking naar beneden > 20% (S3 systeem),https://data.omgeving.vlaanderen.be/id/conceptscheme/lzs/norm_bandbreedte,null,null,null,https://data.omgeving.vlaanderen.be/id/concept/luchtzuiveringssysteem/type/s3,Het waswaterdebiet van de bevloeiing wijkt meer dan 20% naar beneden af van de operationele waarde die op de technische fiche vermeld staat.,"< 0,8 x waarde technische fiche (afwijking > 20%)|Het waswaterdebiet van de bevloeiing wijkt meer dan 20% naar beneden af van de operationele waarde die op de technische fiche vermeld staat.","< 0,8 x waarde technische fiche (afwijking > 20%)",https://data.omgeving.vlaanderen.be/id/concept/luchtzuiveringssysteem/eigenschap/waswaterdebietbevloeiing,0.8,product,null,null,null,null,null,null,null,null,null,null,null
https://data.omgeving.vlaanderen.be/id/concept/luchtzuiveringssysteem/norm_bandbreedte/16,http://www.w3.org/2004/02/skos/core#Concept,null,https://data.omgeving.vlaanderen.be/id/conceptscheme/lzs/norm_bandbreedte,Drukval afwijking naar boven > 50 Pa (S3 systeem),https://data.omgeving.vlaanderen.be/id/conceptscheme/lzs/norm_bandbreedte,null,null,null,https://data.omgeving.vlaanderen.be/id/concept/luchtzuiveringssysteem/type/s3,De drukval wijkt meer dan 50 Pa naar boven af van de operationele waarde die op de technische fiche vermeld staat.,De drukval wijkt meer dan 50 Pa naar boven af van de operationele waarde die op de technische fiche vermeld staat.|> 50 Pa + waarde technische fiche (afwijking > 50 Pa),> 50 Pa + waarde technische fiche (afwijking > 50 Pa),https://data.omgeving.vlaanderen.be/id/concept/luchtzuiveringssysteem/eigenschap/drukvaloverhetsysteem,null,som,50,null,null,null,null,null,null,null,null,null,null
https://data.omgeving.vlaanderen.be/id/concept/luchtzuiveringssysteem/norm_bandbreedte/2,http://www.w3.org/2004/02/skos/core#Concept,null,https://data.omgeving.vlaanderen.be/id/conceptscheme/lzs/norm_bandbreedte,"Zuurtegraad waswater > 8,5 (S1 systeem)",https://data.omgeving.vlaanderen.be/id/conceptscheme/lzs/norm_bandbreedte,null,null,null,https://data.omgeving.vlaanderen.be/id/concept/luchtzuiveringssysteem/type/s1,"De zuurtegraad van het waswater is groter dan 8,5","De zuurtegraad van het waswater is groter dan 8,5|> 8,5","> 8,5",https://data.omgeving.vlaanderen.be/id/concept/luchtzuiveringssysteem/eigenschap/zuurtegraadwaswater,null,null,8.5,null,null,null,null,null,null,null,null,null,null
https://data.omgeving.vlaanderen.be/id/concept/luchtzuiveringssysteem/norm_bandbreedte/3,http://www.w3.org/2004/02/skos/core#Concept,null,https://data.omgeving.vlaanderen.be/id/conceptscheme/lzs/norm_bandbreedte,Geleidbaarheid waswater > maximale waarde (S1 systeem),https://data.omgeving.vlaanderen.be/id/conceptscheme/lzs/norm_bandbreedte,null,null,null,https://data.omgeving.vlaanderen.be/id/concept/luchtzuiveringssysteem/type/s1,De geleidbaarheid is groter dan de maximale operationele waarde die op de technische fiche vermeld staat.,De geleidbaarheid is groter dan de maximale operationele waarde die op de technische fiche vermeld staat.|> waarde technische fiche,> waarde technische fiche,https://data.omgeving.vlaanderen.be/id/concept/luchtzuiveringssysteem/eigenschap/geleidbaarheidvanhetwaswater,null,som,0,null,null,null,null,null,null,null,null,null,null
https://data.omgeving.vlaanderen.be/id/concept/luchtzuiveringssysteem/norm_bandbreedte/4,http://www.w3.org/2004/02/skos/core#Concept,null,https://data.omgeving.vlaanderen.be/id/conceptscheme/lzs/norm_bandbreedte,Waswaterdebiet afwijking naar beneden > 20% (S1 systeem),https://data.omgeving.vlaanderen.be/id/conceptscheme/lzs/norm_bandbreedte,null,null,null,https://data.omgeving.vlaanderen.be/id/concept/luchtzuiveringssysteem/type/s1,Het waswaterdebiet wijkt meer dan 20% naar beneden af van de operationele waarde die op de technische fiche vermeld staat.,"Het waswaterdebiet wijkt meer dan 20% naar beneden af van de operationele waarde die op de technische fiche vermeld staat.|< 0,8 x waarde technische fiche (afwijking > 20%)","< 0,8 x waarde technische fiche (afwijking > 20%)",https://data.omgeving.vlaanderen.be/id/concept/luchtzuiveringssysteem/eigenschap/waswaterdebiet,0.8,product,null,null,null,null,null,null,null,null,null,null,null
https://data.omgeving.vlaanderen.be/id/concept/luchtzuiveringssysteem/norm_bandbreedte/5,http://www.w3.org/2004/02/skos/core#Concept,null,https://data.omgeving.vlaanderen.be/id/conceptscheme/lzs/norm_bandbreedte,Spuiwaterdebiet afwijking naar beneden > 10% (S1 systeem),https://data.omgeving.vlaanderen.be/id/conceptscheme/lzs/norm_bandbreedte,null,null,null,https://data.omgeving.vlaanderen.be/id/concept/luchtzuiveringssysteem/type/s1,Het spuiwaterdebiet wijkt meer dan 10% naar beneden af van de operationele waarde die op de technische fiche vermeld staat.,"Het spuiwaterdebiet wijkt meer dan 10% naar beneden af van de operationele waarde die op de technische fiche vermeld staat.|< 0,9 x waarde technische fiche (afwijking > 10%)","< 0,9 x waarde technische fiche (afwijking > 10%)",https://data.omgeving.vlaanderen.be/id/concept/luchtzuiveringssysteem/eigenschap/spuiwaterproductie,0.9,product,null,null,null,null,null,null,null,null,null,null,null
https://data.omgeving.vlaanderen.be/id/concept/luchtzuiveringssysteem/norm_bandbreedte/6,http://www.w3.org/2004/02/skos/core#Concept,null,https://data.omgeving.vlaanderen.be/id/conceptscheme/lzs/norm_bandbreedte,Drukval afwijking naar beneden > 40% (S1 systeem),https://data.omgeving.vlaanderen.be/id/conceptscheme/lzs/norm_bandbreedte,null,null,null,https://data.omgeving.vlaanderen.be/id/concept/luchtzuiveringssysteem/type/s1,De drukval wijkt meer dan 40% naar beneden af van de operationele waarde die op de technische fiche vermeld staat.,"De drukval wijkt meer dan 40% naar beneden af van de operationele waarde die op de technische fiche vermeld staat.|< 0,6 x waarde technische fiche (afwijking > 40%)","< 0,6 x waarde technische fiche (afwijking > 40%)",https://data.omgeving.vlaanderen.be/id/concept/luchtzuiveringssysteem/eigenschap/drukvaloverhetsysteem,0.6,product,null,null,null,null,null,null,null,null,null,null,null
https://data.omgeving.vlaanderen.be/id/concept/luchtzuiveringssysteem/norm_bandbreedte/7,http://www.w3.org/2004/02/skos/core#Concept,null,https://data.omgeving.vlaanderen.be/id/conceptscheme/lzs/norm_bandbreedte,Drukval afwijking naar boven > 40% (S1 systeem),https://data.omgeving.vlaanderen.be/id/conceptscheme/lzs/norm_bandbreedte,null,null,null,https://data.omgeving.vlaanderen.be/id/concept/luchtzuiveringssysteem/type/s1,De drukval wijkt meer dan 40% naar boven af van de operationele waarde die op de technische fiche vermeld staat.,"De drukval wijkt meer dan 40% naar boven af van de operationele waarde die op de technische fiche vermeld staat.|> 1,4 x waarde technische fiche (afwijking > 40%)","> 1,4 x waarde technische fiche (afwijking > 40%)",https://data.omgeving.vlaanderen.be/id/concept/luchtzuiveringssysteem/eigenschap/drukvaloverhetsysteem,null,product,1.4,null,null,null,null,null,null,null,null,null,null
https://data.omgeving.vlaanderen.be/id/concept/luchtzuiveringssysteem/norm_bandbreedte/8,http://www.w3.org/2004/02/skos/core#Concept,null,https://data.omgeving.vlaanderen.be/id/conceptscheme/lzs/norm_bandbreedte,Zuurtegraad waswater afwijking naar boven > 1 pH-eenheid (S2 systeem),https://data.omgeving.vlaanderen.be/id/conceptscheme/lzs/norm_bandbreedte,null,null,null,https://data.omgeving.vlaanderen.be/id/concept/luchtzuiveringssysteem/type/s2,De zuurtegraad van het waswater wijkt meer dan 1 pH-eenheid naar boven af van de operationele waarde die op de technische fiche vermeld staat.,De zuurtegraad van het waswater wijkt meer dan 1 pH-eenheid naar boven af van de operationele waarde die op de technische fiche vermeld staat.|> 1 pH + waarde technische fiche (afwijking > 1pH),> 1 pH + waarde technische fiche (afwijking > 1pH),https://data.omgeving.vlaanderen.be/id/concept/luchtzuiveringssysteem/eigenschap/zuurtegraadwaswater,null,som,1,null,null,null,null,null,null,null,null,null,null
https://data.omgeving.vlaanderen.be/id/concept/luchtzuiveringssysteem/norm_bandbreedte/9,http://www.w3.org/2004/02/skos/core#Concept,null,https://data.omgeving.vlaanderen.be/id/conceptscheme/lzs/norm_bandbreedte,Geleidbaarheid waswater > maximale waarde (S2 systeem),https://data.omgeving.vlaanderen.be/id/conceptscheme/lzs/norm_bandbreedte,null,null,null,https://data.omgeving.vlaanderen.be/id/concept/luchtzuiveringssysteem/type/s2,De geleidbaarheid is groter dan de maximale operationele waarde die op de technische fiche vermeld staat.,De geleidbaarheid is groter dan de maximale operationele waarde die op de technische fiche vermeld staat.|> waarde technische fiche,> waarde technische fiche,https://data.omgeving.vlaanderen.be/id/concept/luchtzuiveringssysteem/eigenschap/geleidbaarheidvanhetwaswater,null,som,0,null,null,null,null,null,null,null,null,null,null
https://data.omgeving.vlaanderen.be/id/concept/luchtzuiveringssysteem/parameter_norm/1,http://www.w3.org/2004/02/skos/core#Concept,null,https://data.omgeving.vlaanderen.be/id/conceptscheme/lzs/lzs-param-norm,Zuurtegraad waswater S1 systeem,https://data.omgeving.vlaanderen.be/id/conceptscheme/lzs/lzs-param-norm,null,null,null,https://data.omgeving.vlaanderen.be/id/concept/luchtzuiveringssysteem/type/s1,null,null,null,https://data.omgeving.vlaanderen.be/id/concept/luchtzuiveringssysteem/eigenschap/zuurtegraadwaswater,null,null,null,false,null,null,null,null,null,null,null,null,null
https://data.omgeving.vlaanderen.be/id/concept/luchtzuiveringssysteem/parameter_norm/10,http://www.w3.org/2004/02/skos/core#Concept,null,https://data.omgeving.vlaanderen.be/id/conceptscheme/lzs/lzs-param-norm,Drukval S2 systeem,https://data.omgeving.vlaanderen.be/id/conceptscheme/lzs/lzs-param-norm,null,null,null,https://data.omgeving.vlaanderen.be/id/concept/luchtzuiveringssysteem/type/s2,null,null,null,https://data.omgeving.vlaanderen.be/id/concept/luchtzuiveringssysteem/eigenschap/drukvaloverhetsysteem,null,null,null,true,exact,null,null,null,null,null,null,null,null
https://data.omgeving.vlaanderen.be/id/concept/luchtzuiveringssysteem/parameter_norm/11,http://www.w3.org/2004/02/skos/core#Concept,null,https://data.omgeving.vlaanderen.be/id/conceptscheme/lzs/lzs-param-norm,Waswaterdebiet voorbevochtiging S3 systeem,https://data.omgeving.vlaanderen.be/id/conceptscheme/lzs/lzs-param-norm,null,null,null,https://data.omgeving.vlaanderen.be/id/concept/luchtzuiveringssysteem/type/s3,null,null,null,https://data.omgeving.vlaanderen.be/id/concept/luchtzuiveringssysteem/eigenschap/waswaterdebietvoorbevochtiging,null,null,null,true,minimum,null,null,null,null,null,null,null,null
https://data.omgeving.vlaanderen.be/id/concept/luchtzuiveringssysteem/parameter_norm/12,http://www.w3.org/2004/02/skos/core#Concept,null,https://data.omgeving.vlaanderen.be/id/conceptscheme/lzs/lzs-param-norm,Waswaterdebiet bevloeiing S3 systeem,https://data.omgeving.vlaanderen.be/id/conceptscheme/lzs/lzs-param-norm,null,null,null,https://data.omgeving.vlaanderen.be/id/concept/luchtzuiveringssysteem/type/s3,null,null,null,https://data.omgeving.vlaanderen.be/id/concept/luchtzuiveringssysteem/eigenschap/waswaterdebietbevloeiing,null,null,null,true,minimum,null,null,null,null,null,null,null,null
https://data.omgeving.vlaanderen.be/id/concept/luchtzuiveringssysteem/parameter_norm/13,http://www.w3.org/2004/02/skos/core#Concept,null,https://data.omgeving.vlaanderen.be/id/conceptscheme/lzs/lzs-param-norm,Biobedspuiwaterproductie S3 systeem,https://data.omgeving.vlaanderen.be/id/conceptscheme/lzs/lzs-param-norm,null,null,null,https://data.omgeving.vlaanderen.be/id/concept/luchtzuiveringssysteem/type/s3,null,null,null,https://data.omgeving.vlaanderen.be/id/concept/luchtzuiveringssysteem/eigenschap/biobedspuiwaterproductie,null,null,null,true,minimum,null,null,null,null,null,null,null,null
https://data.omgeving.vlaanderen.be/id/concept/luchtzuiveringssysteem/parameter_norm/14,http://www.w3.org/2004/02/skos/core#Concept,null,https://data.omgeving.vlaanderen.be/id/conceptscheme/lzs/lzs-param-norm,Biobedspoelwaterproductie S3 systeem,https://data.omgeving.vlaanderen.be/id/conceptscheme/lzs/lzs-param-norm,null,null,null,https://data.omgeving.vlaanderen.be/id/concept/luchtzuiveringssysteem/type/s3,null,null,null,https://data.omgeving.vlaanderen.be/id/concept/luchtzuiveringssysteem/eigenschap/biobedspoelwaterproductie,null,null,null,true,minimum,null,null,null,null,null,null,null,null
https://data.omgeving.vlaanderen.be/id/concept/luchtzuiveringssysteem/parameter_norm/15,http://www.w3.org/2004/02/skos/core#Concept,null,https://data.omgeving.vlaanderen.be/id/conceptscheme/lzs/lzs-param-norm,Drukval S3 systeem,https://data.omgeving.vlaanderen.be/id/conceptscheme/lzs/lzs-param-norm,null,null,null,https://data.omgeving.vlaanderen.be/id/concept/luchtzuiveringssysteem/type/s3,null,null,null,https://data.omgeving.vlaanderen.be/id/concept/luchtzuiveringssysteem/eigenschap/drukvaloverhetsysteem,null,null,null,true,maximum,null,null,null,null,null,null,null,null
https://data.omgeving.vlaanderen.be/id/concept/luchtzuiveringssysteem/parameter_norm/2,http://www.w3.org/2004/02/skos/core#Concept,null,https://data.omgeving.vlaanderen.be/id/conceptscheme/lzs/lzs-param-norm,Geleidbaarheid waswater S1 systeem,https://data.omgeving.vlaanderen.be/id/conceptscheme/lzs/lzs-param-norm,null,null,null,https://data.omgeving.vlaanderen.be/id/concept/luchtzuiveringssysteem/type/s1,null,null,null,https://data.omgeving.vlaanderen.be/id/concept/luchtzuiveringssysteem/eigenschap/geleidbaarheidvanhetwaswater,null,null,null,true,maximum,null,null,null,null,null,null,null,null
https://data.omgeving.vlaanderen.be/id/concept/luchtzuiveringssysteem/parameter_norm/3,http://www.w3.org/2004/02/skos/core#Concept,null,https://data.omgeving.vlaanderen.be/id/conceptscheme/lzs/lzs-param-norm,Waswaterdebiet S1 systeem,https://data.omgeving.vlaanderen.be/id/conceptscheme/lzs/lzs-param-norm,null,null,null,https://data.omgeving.vlaanderen.be/id/concept/luchtzuiveringssysteem/type/s1,null,null,null,https://data.omgeving.vlaanderen.be/id/concept/luchtzuiveringssysteem/eigenschap/waswaterdebiet,null,null,null,true,minimum,null,null,null,null,null,null,null,null
https://data.omgeving.vlaanderen.be/id/concept/luchtzuiveringssysteem/parameter_norm/4,http://www.w3.org/2004/02/skos/core#Concept,null,https://data.omgeving.vlaanderen.be/id/conceptscheme/lzs/lzs-param-norm,Spuiwaterdebiet S1 systeem,https://data.omgeving.vlaanderen.be/id/conceptscheme/lzs/lzs-param-norm,null,null,null,https://data.omgeving.vlaanderen.be/id/concept/luchtzuiveringssysteem/type/s1,null,null,null,https://data.omgeving.vlaanderen.be/id/concept/luchtzuiveringssysteem/eigenschap/spuiwaterproductie,null,null,null,true,minimum,null,null,null,null,null,null,null,null
https://data.omgeving.vlaanderen.be/id/concept/luchtzuiveringssysteem/parameter_norm/5,http://www.w3.org/2004/02/skos/core#Concept,null,https://data.omgeving.vlaanderen.be/id/conceptscheme/lzs/lzs-param-norm,Drukval S1 systeem,https://data.omgeving.vlaanderen.be/id/conceptscheme/lzs/lzs-param-norm,null,null,null,https://data.omgeving.vlaanderen.be/id/concept/luchtzuiveringssysteem/type/s1,null,null,null,https://data.omgeving.vlaanderen.be/id/concept/luchtzuiveringssysteem/eigenschap/drukvaloverhetsysteem,null,null,null,true,exact,null,null,null,null,null,null,null,null
https://data.omgeving.vlaanderen.be/id/concept/luchtzuiveringssysteem/parameter_norm/6,http://www.w3.org/2004/02/skos/core#Concept,null,https://data.omgeving.vlaanderen.be/id/conceptscheme/lzs/lzs-param-norm,Zuurtegraad waswater S2 systeem,https://data.omgeving.vlaanderen.be/id/conceptscheme/lzs/lzs-param-norm,null,null,null,https://data.omgeving.vlaanderen.be/id/concept/luchtzuiveringssysteem/type/s2,null,null,null,https://data.omgeving.vlaanderen.be/id/concept/luchtzuiveringssysteem/eigenschap/zuurtegraadwaswater,null,null,null,true,maximum,null,null,null,null,null,null,null,null
https://data.omgeving.vlaanderen.be/id/concept/luchtzuiveringssysteem/parameter_norm/7,http://www.w3.org/2004/02/skos/core#Concept,null,https://data.omgeving.vlaanderen.be/id/conceptscheme/lzs/lzs-param-norm,Geleidbaarheid waswater S2 systeem,https://data.omgeving.vlaanderen.be/id/conceptscheme/lzs/lzs-param-norm,null,null,null,https://data.omgeving.vlaanderen.be/id/concept/luchtzuiveringssysteem/type/s2,null,null,null,https://data.omgeving.vlaanderen.be/id/concept/luchtzuiveringssysteem/eigenschap/geleidbaarheidvanhetwaswater,null,null,null,true,maximum,null,null,null,null,null,null,null,null
https://data.omgeving.vlaanderen.be/id/concept/luchtzuiveringssysteem/parameter_norm/8,http://www.w3.org/2004/02/skos/core#Concept,null,https://data.omgeving.vlaanderen.be/id/conceptscheme/lzs/lzs-param-norm,Waswaterdebiet S2 systeem,https://data.omgeving.vlaanderen.be/id/conceptscheme/lzs/lzs-param-norm,null,null,null,https://data.omgeving.vlaanderen.be/id/concept/luchtzuiveringssysteem/type/s2,null,null,null,https://data.omgeving.vlaanderen.be/id/concept/luchtzuiveringssysteem/eigenschap/waswaterdebiet,null,null,null,true,minimum,null,null,null,null,null,null,null,null
https://data.omgeving.vlaanderen.be/id/concept/luchtzuiveringssysteem/parameter_norm/9,http://www.w3.org/2004/02/skos/core#Concept,null,https://data.omgeving.vlaanderen.be/id/conceptscheme/lzs/lzs-param-norm,Spuiwaterdebiet S2 systeem,https://data.omgeving.vlaanderen.be/id/conceptscheme/lzs/lzs-param-norm,null,null,null,https://data.omgeving.vlaanderen.be/id/concept/luchtzuiveringssysteem/type/s2,null,null,null,https://data.omgeving.vlaanderen.be/id/concept/luchtzuiveringssysteem/eigenschap/spuiwaterproductie,null,null,null,true,minimum,null,null,null,null,null,null,null,null
https://data.omgeving.vlaanderen.be/id/concept/luchtzuiveringssysteem/stalgebruik/in_gebruik,http://www.w3.org/2004/02/skos/core#Concept,null,https://data.omgeving.vlaanderen.be/id/conceptscheme/lzs/lzsst,"Stal in gebruik, dieren aanwezig.",https://data.omgeving.vlaanderen.be/id/conceptscheme/lzs/lzsst,null,null,null,null,null,null,null,null,null,null,null,null,null,null,null,null,null,null,null,null,null
https://data.omgeving.vlaanderen.be/id/concept/luchtzuiveringssysteem/stalgebruik/leeg,http://www.w3.org/2004/02/skos/core#Concept,null,https://data.omgeving.vlaanderen.be/id/conceptscheme/lzs/lzsst,Lege stal,https://data.omgeving.vlaanderen.be/id/conceptscheme/lzs/lzsst,null,null,null,null,null,null,null,null,null,null,null,null,null,null,null,null,null,null,null,null,null
https://data.omgeving.vlaanderen.be/id/concept/luchtzuiveringssysteem/status/gereinigd,http://www.w3.org/2004/02/skos/core#Concept,null,https://data.omgeving.vlaanderen.be/id/conceptscheme/lzs/lzss,Gereinigd,https://data.omgeving.vlaanderen.be/id/conceptscheme/lzs/lzss,null,null,null,null,null,null,null,null,null,null,null,null,null,null,null,null,null,null,null,null,null
https://data.omgeving.vlaanderen.be/id/concept/luchtzuiveringssysteem/status/onderhoud,http://www.w3.org/2004/02/skos/core#Concept,null,https://data.omgeving.vlaanderen.be/id/conceptscheme/lzs/lzss,In onderhoud,https://data.omgeving.vlaanderen.be/id/conceptscheme/lzs/lzss,null,null,null,null,null,null,null,null,null,null,null,null,null,null,null,null,null,null,null,null,null
https://data.omgeving.vlaanderen.be/id/concept/luchtzuiveringssysteem/status/operationeel,http://www.w3.org/2004/02/skos/core#Concept,null,https://data.omgeving.vlaanderen.be/id/conceptscheme/lzs/lzss,Operationeel,https://data.omgeving.vlaanderen.be/id/conceptscheme/lzs/lzss,null,null,null,null,null,null,null,null,null,null,null,null,null,null,null,null,null,null,null,null,null
https://data.omgeving.vlaanderen.be/id/concept/luchtzuiveringssysteem/status/storing,http://www.w3.org/2004/02/skos/core#Concept,null,https://data.omgeving.vlaanderen.be/id/conceptscheme/lzs/lzss,Storing,https://data.omgeving.vlaanderen.be/id/conceptscheme/lzs/lzss,null,null,null,null,null,null,null,null,null,null,null,null,null,null,null,null,null,null,null,null,null
https://data.omgeving.vlaanderen.be/id/concept/luchtzuiveringssysteem/type/luchtwassysteem,http://www.w3.org/2004/02/skos/core#Concept,null,https://data.omgeving.vlaanderen.be/id/conceptscheme/lzs/lzstype,Luchtwassysteem,null,null,null,null,null,null,null,null,null,null,null,null,null,null,https://data.omgeving.vlaanderen.be/id/concept/luchtzuiveringssysteem/type/luchtzuiveringssysteem,https://data.omgeving.vlaanderen.be/id/concept/luchtzuiveringssysteem/type/luchtzuiveringssysteem,https://data.omgeving.vlaanderen.be/id/concept/luchtzuiveringssysteem/type/s1|https://data.omgeving.vlaanderen.be/id/concept/luchtzuiveringssysteem/type/s2,https://data.omgeving.vlaanderen.be/id/concept/luchtzuiveringssysteem/type/s1|https://data.omgeving.vlaanderen.be/id/concept/luchtzuiveringssysteem/type/s2,https://data.omgeving.vlaanderen.be/id/concept/luchtzuiveringssysteem/type/s1|https://data.omgeving.vlaanderen.be/id/concept/luchtzuiveringssysteem/type/s2|https://data.omgeving.vlaanderen.be/id/concept/luchtzuiveringssysteem/type/luchtzuiveringssysteem,null,null,null
https://data.omgeving.vlaanderen.be/id/concept/luchtzuiveringssysteem/type/luchtzuiveringssysteem,http://www.w3.org/2004/02/skos/core#Concept,null,https://data.omgeving.vlaanderen.be/id/conceptscheme/lzs/lzstype,Luchtzuiveringssysteem,https://data.omgeving.vlaanderen.be/id/conceptscheme/lzs/lzstype,null,null,null,null,null,null,null,null,null,null,null,null,null,null,null,https://data.omgeving.vlaanderen.be/id/concept/luchtzuiveringssysteem/type/s3|https://data.omgeving.vlaanderen.be/id/concept/luchtzuiveringssysteem/type/luchtwassysteem,https://data.omgeving.vlaanderen.be/id/concept/luchtzuiveringssysteem/type/s3|https://data.omgeving.vlaanderen.be/id/concept/luchtzuiveringssysteem/type/s1|https://data.omgeving.vlaanderen.be/id/concept/luchtzuiveringssysteem/type/s2|https://data.omgeving.vlaanderen.be/id/concept/luchtzuiveringssysteem/type/luchtwassysteem,https://data.omgeving.vlaanderen.be/id/concept/luchtzuiveringssysteem/type/s3|https://data.omgeving.vlaanderen.be/id/concept/luchtzuiveringssysteem/type/s1|https://data.omgeving.vlaanderen.be/id/concept/luchtzuiveringssysteem/type/s2|https://data.omgeving.vlaanderen.be/id/concept/luchtzuiveringssysteem/type/luchtwassysteem,null,null,null
https://data.omgeving.vlaanderen.be/id/concept/luchtzuiveringssysteem/type/s1,http://www.w3.org/2004/02/skos/core#Concept,null,https://data.omgeving.vlaanderen.be/id/conceptscheme/lzs/lzstype,Biologisch luchtwassysteem,null,null,null,null,null,null,null,null,https://data.omgeving.vlaanderen.be/id/concept/luchtzuiveringssysteem/eigenschap/drukvaloverhetsysteem|https://data.omgeving.vlaanderen.be/id/concept/luchtzuiveringssysteem/eigenschap/geleidbaarheidvanhetwaswater|https://data.omgeving.vlaanderen.be/id/concept/luchtzuiveringssysteem/eigenschap/spuiwaterproductie|https://data.omgeving.vlaanderen.be/id/concept/luchtzuiveringssysteem/eigenschap/stalbezetting|https://data.omgeving.vlaanderen.be/id/concept/luchtzuiveringssysteem/eigenschap/systeemstatus|https://data.omgeving.vlaanderen.be/id/concept/luchtzuiveringssysteem/eigenschap/waswaterdebiet|https://data.omgeving.vlaanderen.be/id/concept/luchtzuiveringssysteem/eigenschap/zuurtegraadwaswater,null,null,null,null,null,https://data.omgeving.vlaanderen.be/id/concept/luchtzuiveringssysteem/type/luchtwassysteem,https://data.omgeving.vlaanderen.be/id/concept/luchtzuiveringssysteem/type/luchtwassysteem|https://data.omgeving.vlaanderen.be/id/concept/luchtzuiveringssysteem/type/luchtzuiveringssysteem,null,null,https://data.omgeving.vlaanderen.be/id/concept/luchtzuiveringssysteem/type/luchtwassysteem|https://data.omgeving.vlaanderen.be/id/concept/luchtzuiveringssysteem/type/luchtzuiveringssysteem,S1,null,null
https://data.omgeving.vlaanderen.be/id/concept/luchtzuiveringssysteem/type/s2,http://www.w3.org/2004/02/skos/core#Concept,null,https://data.omgeving.vlaanderen.be/id/conceptscheme/lzs/lzstype,Chemisch luchtwassysteem,null,null,null,null,null,null,null,null,https://data.omgeving.vlaanderen.be/id/concept/luchtzuiveringssysteem/eigenschap/drukvaloverhetsysteem|https://data.omgeving.vlaanderen.be/id/concept/luchtzuiveringssysteem/eigenschap/geleidbaarheidvanhetwaswater|https://data.omgeving.vlaanderen.be/id/concept/luchtzuiveringssysteem/eigenschap/spuiwaterproductie|https://data.omgeving.vlaanderen.be/id/concept/luchtzuiveringssysteem/eigenschap/stalbezetting|https://data.omgeving.vlaanderen.be/id/concept/luchtzuiveringssysteem/eigenschap/systeemstatus|https://data.omgeving.vlaanderen.be/id/concept/luchtzuiveringssysteem/eigenschap/waswaterdebiet|https://data.omgeving.vlaanderen.be/id/concept/luchtzuiveringssysteem/eigenschap/zuurtegraadwaswater,null,null,null,null,null,https://data.omgeving.vlaanderen.be/id/concept/luchtzuiveringssysteem/type/luchtwassysteem,https://data.omgeving.vlaanderen.be/id/concept/luchtzuiveringssysteem/type/luchtwassysteem|https://data.omgeving.vlaanderen.be/id/concept/luchtzuiveringssysteem/type/luchtzuiveringssysteem,null,null,https://data.omgeving.vlaanderen.be/id/concept/luchtzuiveringssysteem/type/luchtwassysteem|https://data.omgeving.vlaanderen.be/id/concept/luchtzuiveringssysteem/type/luchtzuiveringssysteem,S2,null,null
https://data.omgeving.vlaanderen.be/id/concept/luchtzuiveringssysteem/type/s3,http://www.w3.org/2004/02/skos/core#Concept,null,https://data.omgeving.vlaanderen.be/id/conceptscheme/lzs/lzstype,Biobed,null,null,null,null,null,null,null,null,https://data.omgeving.vlaanderen.be/id/concept/luchtzuiveringssysteem/eigenschap/biobedspoelwaterproductie|https://data.omgeving.vlaanderen.be/id/concept/luchtzuiveringssysteem/eigenschap/biobedspuiwaterproductie|https://data.omgeving.vlaanderen.be/id/concept/luchtzuiveringssysteem/eigenschap/drukvaloverhetsysteem|https://data.omgeving.vlaanderen.be/id/concept/luchtzuiveringssysteem/eigenschap/stalbezetting|https://data.omgeving.vlaanderen.be/id/concept/luchtzuiveringssysteem/eigenschap/systeemstatus|https://data.omgeving.vlaanderen.be/id/concept/luchtzuiveringssysteem/eigenschap/waswaterdebietbevloeiing|https://data.omgeving.vlaanderen.be/id/concept/luchtzuiveringssysteem/eigenschap/waswaterdebietvoorbevochtiging,null,null,null,null,null,https://data.omgeving.vlaanderen.be/id/concept/luchtzuiveringssysteem/type/luchtzuiveringssysteem,https://data.omgeving.vlaanderen.be/id/concept/luchtzuiveringssysteem/type/luchtzuiveringssysteem,null,null,https://data.omgeving.vlaanderen.be/id/concept/luchtzuiveringssysteem/type/luchtzuiveringssysteem,S3,null,null
https://data.omgeving.vlaanderen.be/id/conceptscheme/lzs/bedrijfsklasse,http://www.w3.org/2004/02/skos/core#ConceptScheme,null,null,conceptschema iioa bedrijfsklassen,null,null,null,null,null,null,null,null,null,null,null,null,null,null,null,null,null,null,null,null,https://data.omgeving.vlaanderen.be/id/concept/bedrijfklasse/1|https://data.omgeving.vlaanderen.be/id/concept/bedrijfklasse/2|https://data.omgeving.vlaanderen.be/id/concept/bedrijfklasse/3,null
https://data.omgeving.vlaanderen.be/id/conceptscheme/lzs/lzs-param-norm,http://www.w3.org/2004/02/skos/core#ConceptScheme,null,null,conceptschema luchtzuiveringssysteem parameter specificatie,null,null,null,null,null,null,null,null,null,null,null,null,null,null,null,null,null,null,null,null,https://data.omgeving.vlaanderen.be/id/concept/luchtzuiveringssysteem/parameter_norm/10|https://data.omgeving.vlaanderen.be/id/concept/luchtzuiveringssysteem/parameter_norm/11|https://data.omgeving.vlaanderen.be/id/concept/luchtzuiveringssysteem/parameter_norm/12|https://data.omgeving.vlaanderen.be/id/concept/luchtzuiveringssysteem/parameter_norm/13|https://data.omgeving.vlaanderen.be/id/concept/luchtzuiveringssysteem/parameter_norm/14|https://data.omgeving.vlaanderen.be/id/concept/luchtzuiveringssysteem/parameter_norm/15|https://data.omgeving.vlaanderen.be/id/concept/luchtzuiveringssysteem/parameter_norm/1|https://data.omgeving.vlaanderen.be/id/concept/luchtzuiveringssysteem/parameter_norm/2|https://data.omgeving.vlaanderen.be/id/concept/luchtzuiveringssysteem/parameter_norm/3|https://data.omgeving.vlaanderen.be/id/concept/luchtzuiveringssysteem/parameter_norm/4|https://data.omgeving.vlaanderen.be/id/concept/luchtzuiveringssysteem/parameter_norm/5|https://data.omgeving.vlaanderen.be/id/concept/luchtzuiveringssysteem/parameter_norm/6|https://data.omgeving.vlaanderen.be/id/concept/luchtzuiveringssysteem/parameter_norm/7|https://data.omgeving.vlaanderen.be/id/concept/luchtzuiveringssysteem/parameter_norm/8|https://data.omgeving.vlaanderen.be/id/concept/luchtzuiveringssysteem/parameter_norm/9,null
https://data.omgeving.vlaanderen.be/id/conceptscheme/lzs/lzsm,http://www.w3.org/2004/02/skos/core#ConceptScheme,null,null,conceptschema luchtzuiveringssysteem medium,null,null,null,null,null,null,null,null,null,null,null,null,null,null,null,null,null,null,null,null,https://data.omgeving.vlaanderen.be/id/concept/luchtzuiveringssysteem/medium/waswater|https://data.omgeving.vlaanderen.be/id/concept/luchtzuiveringssysteem/medium/spuiwater|https://data.omgeving.vlaanderen.be/id/concept/luchtzuiveringssysteem/medium/lucht|https://data.omgeving.vlaanderen.be/id/concept/luchtzuiveringssysteem/medium/stal|https://data.omgeving.vlaanderen.be/id/concept/luchtzuiveringssysteem/medium/hetelektronischmonitoringssysteem,null
https://data.omgeving.vlaanderen.be/id/conceptscheme/lzs/lzsp,http://www.w3.org/2004/02/skos/core#ConceptScheme,null,null,conceptschema luchtzuiveringssysteem eigenschap,null,null,null,null,null,null,null,null,null,null,null,null,null,null,null,null,null,null,null,null,https://data.omgeving.vlaanderen.be/id/concept/luchtzuiveringssysteem/eigenschap/biobedspoelwaterproductie|https://data.omgeving.vlaanderen.be/id/concept/luchtzuiveringssysteem/eigenschap/biobedspuiwaterproductie|https://data.omgeving.vlaanderen.be/id/concept/luchtzuiveringssysteem/eigenschap/drukvaloverhetsysteem|https://data.omgeving.vlaanderen.be/id/concept/luchtzuiveringssysteem/eigenschap/geleidbaarheidvanhetwaswater|https://data.omgeving.vlaanderen.be/id/concept/luchtzuiveringssysteem/eigenschap/spuiwaterproductie|https://data.omgeving.vlaanderen.be/id/concept/luchtzuiveringssysteem/eigenschap/stalbezetting|https://data.omgeving.vlaanderen.be/id/concept/luchtzuiveringssysteem/eigenschap/systeemstatus|https://data.omgeving.vlaanderen.be/id/concept/luchtzuiveringssysteem/eigenschap/waswaterdebiet|https://data.omgeving.vlaanderen.be/id/concept/luchtzuiveringssysteem/eigenschap/waswaterdebietbevloeiing|https://data.omgeving.vlaanderen.be/id/concept/luchtzuiveringssysteem/eigenschap/waswaterdebietvoorbevochtiging|https://data.omgeving.vlaanderen.be/id/concept/luchtzuiveringssysteem/eigenschap/zuurtegraadwaswater,null
https://data.omgeving.vlaanderen.be/id/conceptscheme/lzs/lzss,http://www.w3.org/2004/02/skos/core#ConceptScheme,null,null,conceptschema luchtzuiveringssysteem status,null,null,null,null,null,null,null,null,null,null,null,null,null,null,null,null,null,null,null,null,https://data.omgeving.vlaanderen.be/id/concept/luchtzuiveringssysteem/status/gereinigd|https://data.omgeving.vlaanderen.be/id/concept/luchtzuiveringssysteem/status/onderhoud|https://data.omgeving.vlaanderen.be/id/concept/luchtzuiveringssysteem/status/operationeel|https://data.omgeving.vlaanderen.be/id/concept/luchtzuiveringssysteem/status/storing,null
https://data.omgeving.vlaanderen.be/id/conceptscheme/lzs/lzsst,http://www.w3.org/2004/02/skos/core#ConceptScheme,null,null,conceptschema luchtzuiveringssysteem stalbezetting,null,null,null,null,null,null,null,null,null,null,null,null,null,null,null,null,null,null,null,null,https://data.omgeving.vlaanderen.be/id/concept/luchtzuiveringssysteem/stalgebruik/in_gebruik|https://data.omgeving.vlaanderen.be/id/concept/luchtzuiveringssysteem/stalgebruik/leeg,null
https://data.omgeving.vlaanderen.be/id/conceptscheme/lzs/lzstype,http://www.w3.org/2004/02/skos/core#ConceptScheme,null,null,conceptschema luchtzuiveringssysteem,null,null,null,null,null,null,null,null,null,null,null,null,null,null,null,null,null,null,null,null,https://data.omgeving.vlaanderen.be/id/concept/luchtzuiveringssysteem/type/luchtzuiveringssysteem,null
https://data.omgeving.vlaanderen.be/id/conceptscheme/lzs/norm_bandbreedte,http://www.w3.org/2004/02/skos/core#ConceptScheme,null,null,conceptschema luchtzuiveringssysteem normbandbreedte,null,null,null,null,null,null,null,null,null,null,null,null,null,null,null,null,null,null,null,null,https://data.omgeving.vlaanderen.be/id/concept/luchtzuiveringssysteem/norm_bandbreedte/10|https://data.omgeving.vlaanderen.be/id/concept/luchtzuiveringssysteem/norm_bandbreedte/11|https://data.omgeving.vlaanderen.be/id/concept/luchtzuiveringssysteem/norm_bandbreedte/12|https://data.omgeving.vlaanderen.be/id/concept/luchtzuiveringssysteem/norm_bandbreedte/13|https://data.omgeving.vlaanderen.be/id/concept/luchtzuiveringssysteem/norm_bandbreedte/14|https://data.omgeving.vlaanderen.be/id/concept/luchtzuiveringssysteem/norm_bandbreedte/15|https://data.omgeving.vlaanderen.be/id/concept/luchtzuiveringssysteem/norm_bandbreedte/16|https://data.omgeving.vlaanderen.be/id/concept/luchtzuiveringssysteem/norm_bandbreedte/1|https://data.omgeving.vlaanderen.be/id/concept/luchtzuiveringssysteem/norm_bandbreedte/2|https://data.omgeving.vlaanderen.be/id/concept/luchtzuiveringssysteem/norm_bandbreedte/3|https://data.omgeving.vlaanderen.be/id/concept/luchtzuiveringssysteem/norm_bandbreedte/4|https://data.omgeving.vlaanderen.be/id/concept/luchtzuiveringssysteem/norm_bandbreedte/5|https://data.omgeving.vlaanderen.be/id/concept/luchtzuiveringssysteem/norm_bandbreedte/6|https://data.omgeving.vlaanderen.be/id/concept/luchtzuiveringssysteem/norm_bandbreedte/7|https://data.omgeving.vlaanderen.be/id/concept/luchtzuiveringssysteem/norm_bandbreedte/8|https://data.omgeving.vlaanderen.be/id/concept/luchtzuiveringssysteem/norm_bandbreedte/9,Ranges